--------------------------countries1 table---------------------------------
create table Country(COUNTRY_ID varchar(5)  primary key, COUNTRY_NAME varchar(20), REGION_ID int)
insert into Country values	('AR', 'Argentina', 2)
insert into Country values	('AU', 'Australia', 3)
insert into Country values	('BE', 'Belgium', 1)
insert into Country values	('BR', 'Brazil', 2)
insert into Country values	('CA', 'Canada', 2)
insert into Country values	('CH', 'Switzerland', 1)
insert into Country values	('CN', 'China', 3)
insert into Country values	('DE', 'Germany', 1)
insert into Country values	('DK', 'Denmark', 1)
insert into Country values	('EG', 'Egypt', 4)
insert into Country values	('FR', 'France', 1)
insert into Country values	('IL', 'Israel', 4)
insert into Country values	('IN', 'India', 3)
insert into Country values	('IT', 'Italy', 1)
insert into Country values	('JP', 'Japan', 3)
insert into Country values	('KW', 'Kuwait', 4)
insert into Country values	('ML', 'Malaysia', 3)
insert into Country values	('MX', 'Mexico', 2)
insert into Country values	('NG', 'Nigeria', 4)
insert into Country values	('NL', 'Netherlands', 1)
insert into Country values	('SG', 'Singapore', 3)
insert into Country values	('UK', 'United Kingdom', 1)
insert into Country values	('US', 'USA', 2)
insert into Country values	('ZM', 'Zambia', 4)
insert into Country values	('ZW', 'Zimbabwe', 4)
select*from Country

------------------------job table-----------------------------------------

create table jobs(JOB_ID varchar(15) primary key, JOB_TITLE varchar (30),MIN_SALARY int,MAX_SALARY int)
insert into jobs values 	('AD_PRES','President',20080,40000)
insert into jobs values 	('AD_VP','Administration Vice President',15000,30000)
insert into jobs values 	('AD_ASST','Administration Assistant',3000,6000)
insert into jobs values 	('FI_MGR','Finance Manager',8200,16000)
insert into jobs values 	('FI_ACCOUNT','Accountant',4200,9000)
insert into jobs values 	('AC_MGR','Accounting Manager',8200,16000)
insert into jobs values 	('AC_ACCOUNT','Public Accountant',4200,9000)
insert into jobs values 	('SA_MAN','Sales Manager',10000,20080)
insert into jobs values 	('SA_REP','Sales Representative',6000,12008)
insert into jobs values 	('PU_MAN','Purchasing Manager',8000,15000)
insert into jobs values 	('PU_CLERK','Purchasing Clerk',2500,5500)
insert into jobs values 	('ST_MAN','Stock Manager',5500,8500)
insert into jobs values 	('ST_CLERK','Stock Clerk',2008,5000)
insert into jobs values 	('SH_CLERK','Shipping Clerk',2500,5500)
insert into jobs values 	('IT_PROG','Programmer',4000,10000)
insert into jobs values 	('MK_MAN','Marketing Manager',9000,15000)
insert into jobs values 	('MK_REP','Marketing Representative',4000,9000)
insert into jobs values 	('HR_REP','Human Resources Representative',4000,9000)
insert into jobs values 	('PR_REP','Public Relations Representative',4500,10500)
select*from jobs
----------------------job grade------------------------------------
create table job_grade(GRADE_LEVEL varchar(5) primary key,  LOWEST_SAL int, HIGHEST_SAL int)
insert into job_grade values 	('A',1000,2999)
insert into job_grade values 	('B',3000,5999)
insert into job_grade values 	('C',6000,9999)
insert into job_grade values 	('D',10000,14999)
insert into job_grade values 	('E',15000,24999)
insert into job_grade values 	('F',25000,40000)
select*from job_grade
-----------------------------locations table--------------------------------------
create table LOCATIONS(LOCATION_ID int primary key, STREET_ADDRESS  varchar(50),POSTAL_CODE int, CITY varchar(30),
STATE_PROVINCE varchar(30) ,COUNTRY_ID varchar(5),
constraint q1 foreign key (COUNTRY_ID) references Country(COUNTRY_ID))
 
insert into LOCATIONS values 	(1000,'1297 Via Cola di Rie',989,'Roma','    ','IT')
insert into LOCATIONS values 	(1100,'93091 Calle della Testa',10934,'Venice','    ','IT')
insert into LOCATIONS values 	(1200,'2017 Shinjuku-ku',1689,'Tokyo','Tokyo Prefecture','JP')
insert into LOCATIONS values 	(1300,'9450 Kamiya-cho',6823,'Hiroshima','   ','JP')
insert into LOCATIONS values 	(1400,'2014 Jabberwocky Rd',26192,'Southlake','Texas','US')
insert into LOCATIONS values 	(1500,'2011 Interiors Blvd',99236,'South San Francisco','California','US')
insert into LOCATIONS values 	(1600,'2007 Zagora St',50090,'South Brunswick',  'New Jersey','US')
insert into LOCATIONS values 	(1700,'2004 Charade Rd',98199,'Seattle','Washington','US')
insert into LOCATIONS values 	(1800,'147 Spadina Ave',34523,'Toronto','Ontario','CA')
insert into LOCATIONS values 	(1900,'6092 Boxwood St',2365263,'Whitehorse','Yukon','CA')
insert into LOCATIONS values 	(2000,'40-5-12 Laogianggen',190518,'Beijing','    ','CN')
insert into LOCATIONS values 	(2100,'1298 Vileparle (E)',490231,'Bombay','Maharashtra','IN')
insert into LOCATIONS values 	(2200,'12-98 Victoria Street',2901,'Sydney',    'New South Wales','AU')
insert into LOCATIONS values 	(2300,'198 Clementi North',540198,'Singapore','   ','SG')
insert into LOCATIONS values 	(2400,'8204 Arthur St',43554,'London','   ','UK')
insert into LOCATIONS values 	(2500,'Magdalen Centre, The Oxford Science Park',90910,'Oxford','Oxford','UK')
insert into LOCATIONS values 	(2600,'9702 Chester Road',9650293,'Stretford','Manchester','UK')
insert into LOCATIONS values 	(2700,'Schwanthalerstr. 7031',80925,'Munich','Bavaria','DE')
insert into LOCATIONS values 	(2800,'Rua Frei Caneca 1360',1307002,'Sao Paulo','    ','BR')
insert into LOCATIONS values 	(2900,'20 Rue des Corps-Saints',1730,'Geneva','    ','CH')
insert into LOCATIONS values 	(3000,'Murtenstrasse 921',3095,'Bern','BE','CH')
insert into LOCATIONS values 	(3100,'Pieter Breughelstraat 837',3029,'Utrecht','Utrecht','NL')
insert into LOCATIONS values 	(3200,'Mariano Escobedo 9991',11932,'Mexico City',  'Distrito Federal','MX')
select *from LOCATIONS
		